iter	RMSE
0	0.01398652196
1	0.0139349444
2	0.01388441809
3	0.0138525877
4	0.0138216565
5	0.01379088754
6	0.01376235674
7	0.01374914981
8	0.01373177402
9	0.01369953891
